"Time results were received","MD5 hash of participants IP address","Controller name","Item number","Element number","Type","Group","PennElementType","PennElementName","Parameter","Value","EventTime","Comments"
1550707748,1,"PennController",69,0,"instruction_check","NULL","PennController",5,"_Trial_","Start",1550705932029,"NULL"
1550707748,1,"PennController",69,0,"instruction_check","NULL","Selector","instruction_verification","Selection","choice2",1550705977388,"NULL"
1550707748,1,"PennController",69,0,"instruction_check","NULL","PennController",5,"_Trial_","End",1550705978157,"NULL"
1550707209,2,"PennController",69,0,"instruction_check","NULL","PennController",5,"_Trial_","Start",1550706287939,"NULL"
1550707209,2,"PennController",69,0,"instruction_check","NULL","Selector","instruction_verification","Selection","choice2",1550706301376,"NULL"
1550707209,2,"PennController",69,0,"instruction_check","NULL","PennController",5,"_Trial_","End",1550706302840,"NULL"
1550707283,3,"PennController",69,0,"instruction_check","NULL","PennController",5,"_Trial_","Start",1550706759683,"NULL"
1550707283,3,"PennController",69,0,"instruction_check","NULL","Selector","instruction_verification","Selection","choice2",1550706770732,"NULL"
1550707283,3,"PennController",69,0,"instruction_check","NULL","PennController",5,"_Trial_","End",1550706772968,"NULL"
1550707299,4,"PennController",69,0,"instruction_check","NULL","PennController",5,"_Trial_","Start",1550705559652,"NULL"
1550707299,4,"PennController",69,0,"instruction_check","NULL","Selector","instruction_verification","Selection","choice2",1550705575911,"NULL"
1550707299,4,"PennController",69,0,"instruction_check","NULL","PennController",5,"_Trial_","End",1550705577138,"NULL"
1550706888,5,"PennController",69,0,"instruction_check","NULL","PennController",5,"_Trial_","Start",1550706349732,"NULL"
1550706888,5,"PennController",69,0,"instruction_check","NULL","Selector","instruction_verification","Selection","choice2",1550706364653,"NULL"
1550706888,5,"PennController",69,0,"instruction_check","NULL","PennController",5,"_Trial_","End",1550706365651,"NULL"
1550710200,6,"PennController",69,0,"instruction_check","NULL","PennController",5,"_Trial_","Start",1550709339877,"NULL"
1550710200,6,"PennController",69,0,"instruction_check","NULL","Selector","instruction_verification","Selection","choice2",1550709355171,"NULL"
1550710200,6,"PennController",69,0,"instruction_check","NULL","PennController",5,"_Trial_","End",1550709357021,"NULL"
1550709335,7,"PennController",69,0,"instruction_check","NULL","PennController",5,"_Trial_","Start",1550708918050,"NULL"
1550709335,7,"PennController",69,0,"instruction_check","NULL","Selector","instruction_verification","Selection","choice2",1550708957818,"NULL"
1550709335,7,"PennController",69,0,"instruction_check","NULL","PennController",5,"_Trial_","End",1550708976471,"NULL"
1550706590,8,"PennController",69,0,"instruction_check","NULL","PennController",5,"_Trial_","Start",1550706133320,"NULL"
1550706590,8,"PennController",69,0,"instruction_check","NULL","Selector","instruction_verification","Selection","choice2",1550706161136,"NULL"
1550706590,8,"PennController",69,0,"instruction_check","NULL","PennController",5,"_Trial_","End",1550706169713,"NULL"
1550707797,9,"PennController",69,0,"instruction_check","NULL","PennController",5,"_Trial_","Start",1550707218605,"NULL"
1550707797,9,"PennController",69,0,"instruction_check","NULL","Selector","instruction_verification","Selection","choice2",1550707231272,"NULL"
1550707797,9,"PennController",69,0,"instruction_check","NULL","PennController",5,"_Trial_","End",1550707232481,"NULL"
1550706067,10,"PennController",69,0,"instruction_check","NULL","PennController",5,"_Trial_","Start",1550705466675,"NULL"
1550706067,10,"PennController",69,0,"instruction_check","NULL","Selector","instruction_verification","Selection","choice2",1550705479208,"NULL"
1550706067,10,"PennController",69,0,"instruction_check","NULL","PennController",5,"_Trial_","End",1550705481073,"NULL"
1550706214,11,"PennController",69,0,"instruction_check","NULL","PennController",5,"_Trial_","Start",1550705611401,"NULL"
1550706214,11,"PennController",69,0,"instruction_check","NULL","Selector","instruction_verification","Selection","choice2",1550705626622,"NULL"
1550706214,11,"PennController",69,0,"instruction_check","NULL","PennController",5,"_Trial_","End",1550705627526,"NULL"
1550706031,12,"PennController",69,0,"instruction_check","NULL","PennController",5,"_Trial_","Start",1550705419026,"NULL"
1550706031,12,"PennController",69,0,"instruction_check","NULL","Selector","instruction_verification","Selection","choice2",1550705435738,"NULL"
1550706031,12,"PennController",69,0,"instruction_check","NULL","PennController",5,"_Trial_","End",1550705437127,"NULL"
1550708623,13,"PennController",69,0,"instruction_check","NULL","PennController",5,"_Trial_","Start",1550707878500,"NULL"
1550708623,13,"PennController",69,0,"instruction_check","NULL","Selector","instruction_verification","Selection","choice1",1550707885011,"NULL"
1550708623,13,"PennController",69,0,"instruction_check","NULL","PennController",5,"_Trial_","End",1550707886117,"NULL"
1550707107,14,"PennController",69,0,"instruction_check","NULL","PennController",5,"_Trial_","Start",1550706593959,"NULL"
1550707107,14,"PennController",69,0,"instruction_check","NULL","Selector","instruction_verification","Selection","choice2",1550706603890,"NULL"
1550707107,14,"PennController",69,0,"instruction_check","NULL","PennController",5,"_Trial_","End",1550706605459,"NULL"
1550707311,15,"PennController",69,0,"instruction_check","NULL","PennController",5,"_Trial_","Start",1550706525482,"NULL"
1550707311,15,"PennController",69,0,"instruction_check","NULL","Selector","instruction_verification","Selection","choice2",1550706555143,"NULL"
1550707311,15,"PennController",69,0,"instruction_check","NULL","PennController",5,"_Trial_","End",1550706558168,"NULL"
1550707204,16,"PennController",69,0,"instruction_check","NULL","PennController",5,"_Trial_","Start",1550706316604,"NULL"
1550707204,16,"PennController",69,0,"instruction_check","NULL","Selector","instruction_verification","Selection","choice4",1550706325206,"NULL"
1550707204,16,"PennController",69,0,"instruction_check","NULL","PennController",5,"_Trial_","End",1550706327671,"NULL"
1550708066,17,"PennController",69,0,"instruction_check","NULL","PennController",5,"_Trial_","Start",1550705982943,"NULL"
1550708066,17,"PennController",69,0,"instruction_check","NULL","Selector","instruction_verification","Selection","choice1",1550706047217,"NULL"
1550708066,17,"PennController",69,0,"instruction_check","NULL","PennController",5,"_Trial_","End",1550706058044,"NULL"
1550708598,18,"PennController",69,0,"instruction_check","NULL","PennController",5,"_Trial_","Start",1550708276765,"NULL"
1550708598,18,"PennController",69,0,"instruction_check","NULL","Selector","instruction_verification","Selection","choice2",1550708307796,"NULL"
1550708598,18,"PennController",69,0,"instruction_check","NULL","PennController",5,"_Trial_","End",1550708308758,"NULL"
1550707039,19,"PennController",69,0,"instruction_check","NULL","PennController",5,"_Trial_","Start",1550705900916,"NULL"
1550707039,19,"PennController",69,0,"instruction_check","NULL","Selector","instruction_verification","Selection","choice2",1550705957065,"NULL"
1550707039,19,"PennController",69,0,"instruction_check","NULL","PennController",5,"_Trial_","End",1550705961699,"NULL"
1550706243,20,"PennController",69,0,"instruction_check","NULL","PennController",5,"_Trial_","Start",1550705633487,"NULL"
1550706243,20,"PennController",69,0,"instruction_check","NULL","Selector","instruction_verification","Selection","choice2",1550705645181,"NULL"
1550706243,20,"PennController",69,0,"instruction_check","NULL","PennController",5,"_Trial_","End",1550705646664,"NULL"
1550708135,21,"PennController",69,0,"instruction_check","NULL","PennController",5,"_Trial_","Start",1550735161295,"NULL"
1550708135,21,"PennController",69,0,"instruction_check","NULL","Selector","instruction_verification","Selection","choice1",1550735164824,"NULL"
1550708135,21,"PennController",69,0,"instruction_check","NULL","PennController",5,"_Trial_","End",1550735165919,"NULL"
1550706346,22,"PennController",69,0,"instruction_check","NULL","PennController",5,"_Trial_","Start",1550705604948,"NULL"
1550706346,22,"PennController",69,0,"instruction_check","NULL","Selector","instruction_verification","Selection","choice3",1550705613584,"NULL"
1550706346,22,"PennController",69,0,"instruction_check","NULL","PennController",5,"_Trial_","End",1550705617525,"NULL"
1550706985,23,"PennController",69,0,"instruction_check","NULL","PennController",5,"_Trial_","Start",1550706818687,"NULL"
1550706985,23,"PennController",69,0,"instruction_check","NULL","Selector","instruction_verification","Selection","choice2",1550706819401,"NULL"
1550706985,23,"PennController",69,0,"instruction_check","NULL","PennController",5,"_Trial_","End",1550706820196,"NULL"
1550706194,24,"PennController",69,0,"instruction_check","NULL","PennController",5,"_Trial_","Start",1550705905649,"NULL"
1550706194,24,"PennController",69,0,"instruction_check","NULL","Selector","instruction_verification","Selection","choice2",1550705910784,"NULL"
1550706194,24,"PennController",69,0,"instruction_check","NULL","PennController",5,"_Trial_","End",1550705911798,"NULL"
1550708046,25,"PennController",69,0,"instruction_check","NULL","PennController",5,"_Trial_","Start",1550707055673,"NULL"
1550708046,25,"PennController",69,0,"instruction_check","NULL","Selector","instruction_verification","Selection","choice2",1550707063177,"NULL"
1550708046,25,"PennController",69,0,"instruction_check","NULL","PennController",5,"_Trial_","End",1550707070819,"NULL"
1550706378,26,"PennController",69,0,"instruction_check","NULL","PennController",5,"_Trial_","Start",1550705788445,"NULL"
1550706378,26,"PennController",69,0,"instruction_check","NULL","Selector","instruction_verification","Selection","choice2",1550705801032,"NULL"
1550706378,26,"PennController",69,0,"instruction_check","NULL","PennController",5,"_Trial_","End",1550705802563,"NULL"
1550712072,27,"PennController",69,0,"instruction_check","NULL","PennController",5,"_Trial_","Start",1550709929495,"NULL"
1550712072,27,"PennController",69,0,"instruction_check","NULL","Selector","instruction_verification","Selection","choice2",1550709945021,"NULL"
1550712072,27,"PennController",69,0,"instruction_check","NULL","PennController",5,"_Trial_","End",1550709946615,"NULL"
1550706157,28,"PennController",69,0,"instruction_check","NULL","PennController",5,"_Trial_","Start",1550705741635,"NULL"
1550706157,28,"PennController",69,0,"instruction_check","NULL","Selector","instruction_verification","Selection","choice1",1550705795551,"NULL"
1550706157,28,"PennController",69,0,"instruction_check","NULL","PennController",5,"_Trial_","End",1550705799318,"NULL"
1550707469,29,"PennController",69,0,"instruction_check","NULL","PennController",5,"_Trial_","Start",1550707114304,"NULL"
1550707469,29,"PennController",69,0,"instruction_check","NULL","Selector","instruction_verification","Selection","choice2",1550707173415,"NULL"
1550707469,29,"PennController",69,0,"instruction_check","NULL","PennController",5,"_Trial_","End",1550707175017,"NULL"
1550708900,30,"PennController",69,0,"instruction_check","NULL","PennController",5,"_Trial_","Start",1550708397034,"NULL"
1550708900,30,"PennController",69,0,"instruction_check","NULL","Selector","instruction_verification","Selection","choice2",1550708405660,"NULL"
1550708900,30,"PennController",69,0,"instruction_check","NULL","PennController",5,"_Trial_","End",1550708406490,"NULL"
1550710260,31,"PennController",69,0,"instruction_check","NULL","PennController",5,"_Trial_","Start",1550709770492,"NULL"
1550710260,31,"PennController",69,0,"instruction_check","NULL","Selector","instruction_verification","Selection","choice2",1550709779151,"NULL"
1550710260,31,"PennController",69,0,"instruction_check","NULL","PennController",5,"_Trial_","End",1550709780272,"NULL"
1550709416,32,"PennController",69,0,"instruction_check","NULL","PennController",5,"_Trial_","Start",1550707591175,"NULL"
1550709416,32,"PennController",69,0,"instruction_check","NULL","Selector","instruction_verification","Selection","choice2",1550708465309,"NULL"
1550709416,32,"PennController",69,0,"instruction_check","NULL","PennController",5,"_Trial_","End",1550708466848,"NULL"
1550707361,33,"PennController",69,0,"instruction_check","NULL","PennController",5,"_Trial_","Start",1550706403251,"NULL"
1550707361,33,"PennController",69,0,"instruction_check","NULL","Selector","instruction_verification","Selection","choice3",1550706451406,"NULL"
1550707361,33,"PennController",69,0,"instruction_check","NULL","PennController",5,"_Trial_","End",1550706453284,"NULL"
1550706453,34,"PennController",69,0,"instruction_check","NULL","PennController",5,"_Trial_","Start",1550705830605,"NULL"
1550706453,34,"PennController",69,0,"instruction_check","NULL","Selector","instruction_verification","Selection","choice2",1550705849222,"NULL"
1550706453,34,"PennController",69,0,"instruction_check","NULL","PennController",5,"_Trial_","End",1550705851155,"NULL"
1550707453,35,"PennController",69,0,"instruction_check","NULL","PennController",5,"_Trial_","Start",1550705931013,"NULL"
1550707453,35,"PennController",69,0,"instruction_check","NULL","Selector","instruction_verification","Selection","choice2",1550705956406,"NULL"
1550707453,35,"PennController",69,0,"instruction_check","NULL","PennController",5,"_Trial_","End",1550705957927,"NULL"
1550706574,36,"PennController",69,0,"instruction_check","NULL","PennController",5,"_Trial_","Start",1550705575904,"NULL"
1550706574,36,"PennController",69,0,"instruction_check","NULL","Selector","instruction_verification","Selection","choice4",1550705597149,"NULL"
1550706574,36,"PennController",69,0,"instruction_check","NULL","PennController",5,"_Trial_","End",1550705598520,"NULL"
1550706410,37,"PennController",69,0,"instruction_check","NULL","PennController",5,"_Trial_","Start",1550705832225,"NULL"
1550706410,37,"PennController",69,0,"instruction_check","NULL","Selector","instruction_verification","Selection","choice2",1550705842518,"NULL"
1550706410,37,"PennController",69,0,"instruction_check","NULL","PennController",5,"_Trial_","End",1550705844725,"NULL"
1550706490,38,"PennController",69,0,"instruction_check","NULL","PennController",5,"_Trial_","Start",1550705688849,"NULL"
1550706490,38,"PennController",69,0,"instruction_check","NULL","Selector","instruction_verification","Selection","choice2",1550705820418,"NULL"
1550706490,38,"PennController",69,0,"instruction_check","NULL","PennController",5,"_Trial_","End",1550705821875,"NULL"
1550706766,39,"PennController",69,0,"instruction_check","NULL","PennController",5,"_Trial_","Start",1550705953660,"NULL"
1550706766,39,"PennController",69,0,"instruction_check","NULL","Selector","instruction_verification","Selection","choice2",1550706041463,"NULL"
1550706766,39,"PennController",69,0,"instruction_check","NULL","PennController",5,"_Trial_","End",1550706045328,"NULL"
1550708223,40,"PennController",69,0,"instruction_check","NULL","PennController",5,"_Trial_","Start",1550707049695,"NULL"
1550708223,40,"PennController",69,0,"instruction_check","NULL","Selector","instruction_verification","Selection","choice2",1550707091000,"NULL"
1550708223,40,"PennController",69,0,"instruction_check","NULL","PennController",5,"_Trial_","End",1550707092809,"NULL"
1550710554,41,"PennController",69,0,"instruction_check","NULL","PennController",5,"_Trial_","Start",1550709685655,"NULL"
1550710554,41,"PennController",69,0,"instruction_check","NULL","Selector","instruction_verification","Selection","choice2",1550709766792,"NULL"
1550710554,41,"PennController",69,0,"instruction_check","NULL","PennController",5,"_Trial_","End",1550709769084,"NULL"
1550706605,42,"PennController",69,0,"instruction_check","NULL","PennController",5,"_Trial_","Start",1550705601311,"NULL"
1550706605,42,"PennController",69,0,"instruction_check","NULL","Selector","instruction_verification","Selection","choice1",1550705629304,"NULL"
1550706605,42,"PennController",69,0,"instruction_check","NULL","PennController",5,"_Trial_","End",1550705632260,"NULL"
1550706470,43,"PennController",69,0,"instruction_check","NULL","PennController",5,"_Trial_","Start",1550705675612,"NULL"
1550706470,43,"PennController",69,0,"instruction_check","NULL","Selector","instruction_verification","Selection","choice2",1550705685953,"NULL"
1550706470,43,"PennController",69,0,"instruction_check","NULL","PennController",5,"_Trial_","End",1550705687352,"NULL"
1550710137,44,"PennController",69,0,"instruction_check","NULL","PennController",5,"_Trial_","Start",1550709495365,"NULL"
1550710137,44,"PennController",69,0,"instruction_check","NULL","Selector","instruction_verification","Selection","choice2",1550709511162,"NULL"
1550710137,44,"PennController",69,0,"instruction_check","NULL","PennController",5,"_Trial_","End",1550709512640,"NULL"
1550706712,45,"PennController",69,0,"instruction_check","NULL","PennController",5,"_Trial_","Start",1550705962007,"NULL"
1550706712,45,"PennController",69,0,"instruction_check","NULL","Selector","instruction_verification","Selection","choice2",1550705973449,"NULL"
1550706712,45,"PennController",69,0,"instruction_check","NULL","PennController",5,"_Trial_","End",1550705977852,"NULL"
1550707149,46,"PennController",69,0,"instruction_check","NULL","PennController",5,"_Trial_","Start",1550706472908,"NULL"
1550707149,46,"PennController",69,0,"instruction_check","NULL","Selector","instruction_verification","Selection","choice4",1550706490997,"NULL"
1550707149,46,"PennController",69,0,"instruction_check","NULL","PennController",5,"_Trial_","End",1550706492339,"NULL"
1550707076,47,"PennController",69,0,"instruction_check","NULL","PennController",5,"_Trial_","Start",1550706578758,"NULL"
1550707076,47,"PennController",69,0,"instruction_check","NULL","Selector","instruction_verification","Selection","choice2",1550706623146,"NULL"
1550707076,47,"PennController",69,0,"instruction_check","NULL","PennController",5,"_Trial_","End",1550706624509,"NULL"
1550705849,48,"PennController",69,0,"instruction_check","NULL","PennController",5,"_Trial_","Start",1550705513263,"NULL"
1550705849,48,"PennController",69,0,"instruction_check","NULL","Selector","instruction_verification","Selection","choice2",1550705519929,"NULL"
1550705849,48,"PennController",69,0,"instruction_check","NULL","PennController",5,"_Trial_","End",1550705520954,"NULL"
1550707417,49,"PennController",69,0,"instruction_check","NULL","PennController",5,"_Trial_","Start",1550705739093,"NULL"
1550707417,49,"PennController",69,0,"instruction_check","NULL","Selector","instruction_verification","Selection","choice2",1550705751115,"NULL"
1550707417,49,"PennController",69,0,"instruction_check","NULL","PennController",5,"_Trial_","End",1550705753027,"NULL"
1550706361,50,"PennController",69,0,"instruction_check","NULL","PennController",5,"_Trial_","Start",1550705426774,"NULL"
1550706361,50,"PennController",69,0,"instruction_check","NULL","Selector","instruction_verification","Selection","choice2",1550705437219,"NULL"
1550706361,50,"PennController",69,0,"instruction_check","NULL","PennController",5,"_Trial_","End",1550705440430,"NULL"
1550706316,51,"PennController",69,0,"instruction_check","NULL","PennController",5,"_Trial_","Start",1550705477097,"NULL"
1550706316,51,"PennController",69,0,"instruction_check","NULL","Selector","instruction_verification","Selection","choice2",1550705483289,"NULL"
1550706316,51,"PennController",69,0,"instruction_check","NULL","PennController",5,"_Trial_","End",1550705491283,"NULL"
1550707620,52,"PennController",69,0,"instruction_check","NULL","PennController",5,"_Trial_","Start",1550705686558,"NULL"
1550707620,52,"PennController",69,0,"instruction_check","NULL","Selector","instruction_verification","Selection","choice2",1550705716728,"NULL"
1550707620,52,"PennController",69,0,"instruction_check","NULL","PennController",5,"_Trial_","End",1550705722685,"NULL"
1550707883,53,"PennController",69,0,"instruction_check","NULL","PennController",5,"_Trial_","Start",1550706388029,"NULL"
1550707883,53,"PennController",69,0,"instruction_check","NULL","Selector","instruction_verification","Selection","choice2",1550706421911,"NULL"
1550707883,53,"PennController",69,0,"instruction_check","NULL","PennController",5,"_Trial_","End",1550706423760,"NULL"
1550706709,54,"PennController",69,0,"instruction_check","NULL","PennController",5,"_Trial_","Start",1550706359824,"NULL"
1550706709,54,"PennController",69,0,"instruction_check","NULL","Selector","instruction_verification","Selection","choice2",1550706366007,"NULL"
1550706709,54,"PennController",69,0,"instruction_check","NULL","PennController",5,"_Trial_","End",1550706369392,"NULL"
1550706799,55,"PennController",69,0,"instruction_check","NULL","PennController",5,"_Trial_","Start",1550705642405,"NULL"
1550706799,55,"PennController",69,0,"instruction_check","NULL","Selector","instruction_verification","Selection","choice2",1550705658121,"NULL"
1550706799,55,"PennController",69,0,"instruction_check","NULL","PennController",5,"_Trial_","End",1550705661357,"NULL"
1550707141,56,"PennController",69,0,"instruction_check","NULL","PennController",5,"_Trial_","Start",1550707035190,"NULL"
1550707141,56,"PennController",69,0,"instruction_check","NULL","Selector","instruction_verification","Selection","choice2",1550707037894,"NULL"
1550707141,56,"PennController",69,0,"instruction_check","NULL","PennController",5,"_Trial_","End",1550707038593,"NULL"
1550706292,57,"PennController",69,0,"instruction_check","NULL","PennController",5,"_Trial_","Start",1550705848118,"NULL"
1550706292,57,"PennController",69,0,"instruction_check","NULL","Selector","instruction_verification","Selection","choice2",1550705879439,"NULL"
1550706292,57,"PennController",69,0,"instruction_check","NULL","PennController",5,"_Trial_","End",1550705880514,"NULL"
1550707592,58,"PennController",69,0,"instruction_check","NULL","PennController",5,"_Trial_","Start",1550707018994,"NULL"
1550707592,58,"PennController",69,0,"instruction_check","NULL","Selector","instruction_verification","Selection","choice1",1550707026568,"NULL"
1550707592,58,"PennController",69,0,"instruction_check","NULL","PennController",5,"_Trial_","End",1550707040742,"NULL"
1550706626,59,"PennController",69,0,"instruction_check","NULL","PennController",5,"_Trial_","Start",1550706173401,"NULL"
1550706626,59,"PennController",69,0,"instruction_check","NULL","Selector","instruction_verification","Selection","choice3",1550706192342,"NULL"
1550706626,59,"PennController",69,0,"instruction_check","NULL","PennController",5,"_Trial_","End",1550706193136,"NULL"
1550706443,60,"PennController",69,0,"instruction_check","NULL","PennController",5,"_Trial_","Start",1550705757828,"NULL"
1550706443,60,"PennController",69,0,"instruction_check","NULL","Selector","instruction_verification","Selection","choice2",1550705770416,"NULL"
1550706443,60,"PennController",69,0,"instruction_check","NULL","PennController",5,"_Trial_","End",1550705772341,"NULL"
1550707192,61,"PennController",69,0,"instruction_check","NULL","PennController",5,"_Trial_","Start",1550705963405,"NULL"
1550707192,61,"PennController",69,0,"instruction_check","NULL","Selector","instruction_verification","Selection","choice2",1550705973877,"NULL"
1550707192,61,"PennController",69,0,"instruction_check","NULL","PennController",5,"_Trial_","End",1550705977010,"NULL"
1550706647,62,"PennController",69,0,"instruction_check","NULL","PennController",5,"_Trial_","Start",1550705829896,"NULL"
1550706647,62,"PennController",69,0,"instruction_check","NULL","Selector","instruction_verification","Selection","choice2",1550705843549,"NULL"
1550706647,62,"PennController",69,0,"instruction_check","NULL","PennController",5,"_Trial_","End",1550705844764,"NULL"
1550707818,63,"PennController",69,0,"instruction_check","NULL","PennController",5,"_Trial_","Start",1550707019777,"NULL"
1550707818,63,"PennController",69,0,"instruction_check","NULL","Selector","instruction_verification","Selection","choice2",1550707045740,"NULL"
1550707818,63,"PennController",69,0,"instruction_check","NULL","PennController",5,"_Trial_","End",1550707048533,"NULL"
1550708387,64,"PennController",69,0,"instruction_check","NULL","PennController",5,"_Trial_","Start",1550707419314,"NULL"
1550708387,64,"PennController",69,0,"instruction_check","NULL","Selector","instruction_verification","Selection","choice2",1550707438798,"NULL"
1550708387,64,"PennController",69,0,"instruction_check","NULL","PennController",5,"_Trial_","End",1550707440362,"NULL"
1550707316,65,"PennController",69,0,"instruction_check","NULL","PennController",5,"_Trial_","Start",1550706868691,"NULL"
1550707316,65,"PennController",69,0,"instruction_check","NULL","Selector","instruction_verification","Selection","choice2",1550706876565,"NULL"
1550707316,65,"PennController",69,0,"instruction_check","NULL","PennController",5,"_Trial_","End",1550706877732,"NULL"
1550706620,66,"PennController",69,0,"instruction_check","NULL","PennController",5,"_Trial_","Start",1550705893557,"NULL"
1550706620,66,"PennController",69,0,"instruction_check","NULL","Selector","instruction_verification","Selection","choice2",1550705898911,"NULL"
1550706620,66,"PennController",69,0,"instruction_check","NULL","PennController",5,"_Trial_","End",1550705900780,"NULL"
1550706597,67,"PennController",69,0,"instruction_check","NULL","PennController",5,"_Trial_","Start",1550705910138,"NULL"
1550706597,67,"PennController",69,0,"instruction_check","NULL","Selector","instruction_verification","Selection","choice3",1550705933000,"NULL"
1550706597,67,"PennController",69,0,"instruction_check","NULL","PennController",5,"_Trial_","End",1550705934722,"NULL"
1550706919,68,"PennController",69,0,"instruction_check","NULL","PennController",5,"_Trial_","Start",1550706296114,"NULL"
1550706919,68,"PennController",69,0,"instruction_check","NULL","Selector","instruction_verification","Selection","choice2",1550706308333,"NULL"
1550706919,68,"PennController",69,0,"instruction_check","NULL","PennController",5,"_Trial_","End",1550706309616,"NULL"
1550708523,69,"PennController",69,0,"instruction_check","NULL","PennController",5,"_Trial_","Start",1550707460988,"NULL"
1550708523,69,"PennController",69,0,"instruction_check","NULL","Selector","instruction_verification","Selection","choice2",1550707478135,"NULL"
1550708523,69,"PennController",69,0,"instruction_check","NULL","PennController",5,"_Trial_","End",1550707480045,"NULL"
1550707522,70,"PennController",69,0,"instruction_check","NULL","PennController",5,"_Trial_","Start",1550705745340,"NULL"
1550707522,70,"PennController",69,0,"instruction_check","NULL","Selector","instruction_verification","Selection","choice2",1550705766450,"NULL"
1550707522,70,"PennController",69,0,"instruction_check","NULL","PennController",5,"_Trial_","End",1550705768653,"NULL"
1550709658,71,"PennController",69,0,"instruction_check","NULL","PennController",5,"_Trial_","Start",1550709377894,"NULL"
1550709658,71,"PennController",69,0,"instruction_check","NULL","Selector","instruction_verification","Selection","choice3",1550709446991,"NULL"
1550709658,71,"PennController",69,0,"instruction_check","NULL","PennController",5,"_Trial_","End",1550709450356,"NULL"
1550710121,72,"PennController",69,0,"instruction_check","NULL","PennController",5,"_Trial_","Start",1550709418116,"NULL"
1550710121,72,"PennController",69,0,"instruction_check","NULL","Selector","instruction_verification","Selection","choice2",1550709472972,"NULL"
1550710121,72,"PennController",69,0,"instruction_check","NULL","PennController",5,"_Trial_","End",1550709473801,"NULL"
1550707010,73,"PennController",69,0,"instruction_check","NULL","PennController",5,"_Trial_","Start",1550705868075,"NULL"
1550707010,73,"PennController",69,0,"instruction_check","NULL","Selector","instruction_verification","Selection","choice3",1550705952382,"NULL"
1550707010,73,"PennController",69,0,"instruction_check","NULL","PennController",5,"_Trial_","End",1550705960697,"NULL"
1550707954,74,"PennController",69,0,"instruction_check","NULL","PennController",5,"_Trial_","Start",1550707206176,"NULL"
1550707954,74,"PennController",69,0,"instruction_check","NULL","Selector","instruction_verification","Selection","choice2",1550707219542,"NULL"
1550707954,74,"PennController",69,0,"instruction_check","NULL","PennController",5,"_Trial_","End",1550707221178,"NULL"
1550709841,75,"PennController",69,0,"instruction_check","NULL","PennController",5,"_Trial_","Start",1550709137901,"NULL"
1550709841,75,"PennController",69,0,"instruction_check","NULL","Selector","instruction_verification","Selection","choice2",1550709154003,"NULL"
1550709841,75,"PennController",69,0,"instruction_check","NULL","PennController",5,"_Trial_","End",1550709158651,"NULL"
1550706635,76,"PennController",69,0,"instruction_check","NULL","PennController",5,"_Trial_","Start",1550705788480,"NULL"
1550706635,76,"PennController",69,0,"instruction_check","NULL","Selector","instruction_verification","Selection","choice2",1550705805100,"NULL"
1550706635,76,"PennController",69,0,"instruction_check","NULL","PennController",5,"_Trial_","End",1550705807087,"NULL"
1550707236,77,"PennController",69,0,"instruction_check","NULL","PennController",5,"_Trial_","Start",1550705746932,"NULL"
1550707236,77,"PennController",69,0,"instruction_check","NULL","Selector","instruction_verification","Selection","choice2",1550705757484,"NULL"
1550707236,77,"PennController",69,0,"instruction_check","NULL","PennController",5,"_Trial_","End",1550705764120,"NULL"
1550707047,78,"PennController",69,0,"instruction_check","NULL","PennController",5,"_Trial_","Start",1550706454576,"NULL"
1550707047,78,"PennController",69,0,"instruction_check","NULL","Selector","instruction_verification","Selection","choice2",1550706497153,"NULL"
1550707047,78,"PennController",69,0,"instruction_check","NULL","PennController",5,"_Trial_","End",1550706503981,"NULL"
1550707237,79,"PennController",69,0,"instruction_check","NULL","PennController",5,"_Trial_","Start",1550706383594,"NULL"
1550707237,79,"PennController",69,0,"instruction_check","NULL","Selector","instruction_verification","Selection","choice2",1550706412828,"NULL"
1550707237,79,"PennController",69,0,"instruction_check","NULL","PennController",5,"_Trial_","End",1550706414654,"NULL"
1550706101,80,"PennController",69,0,"instruction_check","NULL","PennController",5,"_Trial_","Start",1550705728684,"NULL"
1550706101,80,"PennController",69,0,"instruction_check","NULL","Selector","instruction_verification","Selection","choice3",1550705729867,"NULL"
1550706101,80,"PennController",69,0,"instruction_check","NULL","PennController",5,"_Trial_","End",1550705733786,"NULL"
1550708228,81,"PennController",69,0,"instruction_check","NULL","PennController",5,"_Trial_","Start",1550707777007,"NULL"
1550708228,81,"PennController",69,0,"instruction_check","NULL","Selector","instruction_verification","Selection","choice2",1550707787556,"NULL"
1550708228,81,"PennController",69,0,"instruction_check","NULL","PennController",5,"_Trial_","End",1550707790183,"NULL"
1550706364,82,"PennController",69,0,"instruction_check","NULL","PennController",5,"_Trial_","Start",1550705779819,"NULL"
1550706364,82,"PennController",69,0,"instruction_check","NULL","Selector","instruction_verification","Selection","choice1",1550705783461,"NULL"
1550706364,82,"PennController",69,0,"instruction_check","NULL","PennController",5,"_Trial_","End",1550705795642,"NULL"
1550710693,83,"PennController",69,0,"instruction_check","NULL","PennController",5,"_Trial_","Start",1550710086312,"NULL"
1550710693,83,"PennController",69,0,"instruction_check","NULL","Selector","instruction_verification","Selection","choice2",1550710099012,"NULL"
1550710693,83,"PennController",69,0,"instruction_check","NULL","PennController",5,"_Trial_","End",1550710100749,"NULL"
1550707566,84,"PennController",69,0,"instruction_check","NULL","PennController",5,"_Trial_","Start",1550707021442,"NULL"
1550707566,84,"PennController",69,0,"instruction_check","NULL","Selector","instruction_verification","Selection","choice2",1550707028454,"NULL"
1550707566,84,"PennController",69,0,"instruction_check","NULL","PennController",5,"_Trial_","End",1550707031723,"NULL"
1550710335,85,"PennController",69,0,"instruction_check","NULL","PennController",5,"_Trial_","Start",1550708889997,"NULL"
1550710335,85,"PennController",69,0,"instruction_check","NULL","Selector","instruction_verification","Selection","choice2",1550708898398,"NULL"
1550710335,85,"PennController",69,0,"instruction_check","NULL","PennController",5,"_Trial_","End",1550708901968,"NULL"
1550706583,86,"PennController",69,0,"instruction_check","NULL","PennController",5,"_Trial_","Start",1550706069963,"NULL"
1550706583,86,"PennController",69,0,"instruction_check","NULL","Selector","instruction_verification","Selection","choice2",1550706084468,"NULL"
1550706583,86,"PennController",69,0,"instruction_check","NULL","PennController",5,"_Trial_","End",1550706088870,"NULL"
1550706644,87,"PennController",69,0,"instruction_check","NULL","PennController",5,"_Trial_","Start",1550705638829,"NULL"
1550706644,87,"PennController",69,0,"instruction_check","NULL","Selector","instruction_verification","Selection","choice1",1550705667486,"NULL"
1550706644,87,"PennController",69,0,"instruction_check","NULL","PennController",5,"_Trial_","End",1550705668619,"NULL"
1550707461,88,"PennController",69,0,"instruction_check","NULL","PennController",5,"_Trial_","Start",1550706797075,"NULL"
1550707461,88,"PennController",69,0,"instruction_check","NULL","Selector","instruction_verification","Selection","choice2",1550706816292,"NULL"
1550707461,88,"PennController",69,0,"instruction_check","NULL","PennController",5,"_Trial_","End",1550706818264,"NULL"
1550706819,89,"PennController",69,0,"instruction_check","NULL","PennController",5,"_Trial_","Start",1550705586319,"NULL"
1550706819,89,"PennController",69,0,"instruction_check","NULL","Selector","instruction_verification","Selection","choice4",1550705706539,"NULL"
1550706819,89,"PennController",69,0,"instruction_check","NULL","PennController",5,"_Trial_","End",1550705708508,"NULL"
1550706390,90,"PennController",69,0,"instruction_check","NULL","PennController",5,"_Trial_","Start",1550705720350,"NULL"
1550706390,90,"PennController",69,0,"instruction_check","NULL","Selector","instruction_verification","Selection","choice2",1550705737245,"NULL"
1550706390,90,"PennController",69,0,"instruction_check","NULL","PennController",5,"_Trial_","End",1550705738573,"NULL"
1550705826,91,"PennController",69,0,"instruction_check","NULL","PennController",5,"_Trial_","Start",1550705605664,"NULL"
1550705826,91,"PennController",69,0,"instruction_check","NULL","Selector","instruction_verification","Selection","choice4",1550705627728,"NULL"
1550705826,91,"PennController",69,0,"instruction_check","NULL","PennController",5,"_Trial_","End",1550705631581,"NULL"
1550707562,92,"PennController",69,0,"instruction_check","NULL","PennController",5,"_Trial_","Start",1550706964894,"NULL"
1550707562,92,"PennController",69,0,"instruction_check","NULL","Selector","instruction_verification","Selection","choice2",1550706976695,"NULL"
1550707562,92,"PennController",69,0,"instruction_check","NULL","PennController",5,"_Trial_","End",1550706978496,"NULL"
1550707530,93,"PennController",69,0,"instruction_check","NULL","PennController",5,"_Trial_","Start",1550707027074,"NULL"
1550707530,93,"PennController",69,0,"instruction_check","NULL","Selector","instruction_verification","Selection","choice2",1550707038476,"NULL"
1550707530,93,"PennController",69,0,"instruction_check","NULL","PennController",5,"_Trial_","End",1550707039342,"NULL"
1550707680,94,"PennController",69,0,"instruction_check","NULL","PennController",5,"_Trial_","Start",1550707041292,"NULL"
1550707680,94,"PennController",69,0,"instruction_check","NULL","Selector","instruction_verification","Selection","choice2",1550707059053,"NULL"
1550707680,94,"PennController",69,0,"instruction_check","NULL","PennController",5,"_Trial_","End",1550707060070,"NULL"
1550706161,95,"PennController",69,0,"instruction_check","NULL","PennController",5,"_Trial_","Start",1550706001232,"NULL"
1550706161,95,"PennController",69,0,"instruction_check","NULL","Selector","instruction_verification","Selection","choice3",1550706002887,"NULL"
1550706161,95,"PennController",69,0,"instruction_check","NULL","PennController",5,"_Trial_","End",1550706003970,"NULL"
1550706443,96,"PennController",69,0,"instruction_check","NULL","PennController",5,"_Trial_","Start",1550705694586,"NULL"
1550706443,96,"PennController",69,0,"instruction_check","NULL","Selector","instruction_verification","Selection","choice2",1550705708340,"NULL"
1550706443,96,"PennController",69,0,"instruction_check","NULL","PennController",5,"_Trial_","End",1550705709616,"NULL"
1550708676,97,"PennController",69,0,"instruction_check","NULL","PennController",5,"_Trial_","Start",1550707872536,"NULL"
1550708676,97,"PennController",69,0,"instruction_check","NULL","Selector","instruction_verification","Selection","choice3",1550707875224,"NULL"
1550708676,97,"PennController",69,0,"instruction_check","NULL","PennController",5,"_Trial_","End",1550707876317,"NULL"
1550709941,98,"PennController",69,0,"instruction_check","NULL","PennController",5,"_Trial_","Start",1550709237254,"NULL"
1550709941,98,"PennController",69,0,"instruction_check","NULL","Selector","instruction_verification","Selection","choice2",1550709265116,"NULL"
1550709941,98,"PennController",69,0,"instruction_check","NULL","PennController",5,"_Trial_","End",1550709266630,"NULL"
1550706548,99,"PennController",69,0,"instruction_check","NULL","PennController",5,"_Trial_","Start",1550705554868,"NULL"
1550706548,99,"PennController",69,0,"instruction_check","NULL","Selector","instruction_verification","Selection","choice2",1550705562225,"NULL"
1550706548,99,"PennController",69,0,"instruction_check","NULL","PennController",5,"_Trial_","End",1550705564274,"NULL"
1550706254,100,"PennController",69,0,"instruction_check","NULL","PennController",5,"_Trial_","Start",1550705673978,"NULL"
1550706254,100,"PennController",69,0,"instruction_check","NULL","Selector","instruction_verification","Selection","choice2",1550705691348,"NULL"
1550706254,100,"PennController",69,0,"instruction_check","NULL","PennController",5,"_Trial_","End",1550705695335,"NULL"
1550706049,101,"PennController",69,0,"instruction_check","NULL","PennController",5,"_Trial_","Start",1550705513569,"NULL"
1550706049,101,"PennController",69,0,"instruction_check","NULL","Selector","instruction_verification","Selection","choice2",1550705522653,"NULL"
1550706049,101,"PennController",69,0,"instruction_check","NULL","PennController",5,"_Trial_","End",1550705524325,"NULL"
1550707367,102,"PennController",69,0,"instruction_check","NULL","PennController",5,"_Trial_","Start",1550706047354,"NULL"
1550707367,102,"PennController",69,0,"instruction_check","NULL","Selector","instruction_verification","Selection","choice2",1550706055236,"NULL"
1550707367,102,"PennController",69,0,"instruction_check","NULL","PennController",5,"_Trial_","End",1550706058698,"NULL"
1550706411,103,"PennController",69,0,"instruction_check","NULL","PennController",5,"_Trial_","Start",1550705808071,"NULL"
1550706411,103,"PennController",69,0,"instruction_check","NULL","Selector","instruction_verification","Selection","choice2",1550705822158,"NULL"
1550706411,103,"PennController",69,0,"instruction_check","NULL","PennController",5,"_Trial_","End",1550705824564,"NULL"
1550706424,104,"PennController",69,0,"instruction_check","NULL","PennController",5,"_Trial_","Start",1550705877655,"NULL"
1550706424,104,"PennController",69,0,"instruction_check","NULL","Selector","instruction_verification","Selection","choice2",1550705895064,"NULL"
1550706424,104,"PennController",69,0,"instruction_check","NULL","PennController",5,"_Trial_","End",1550705896774,"NULL"
1550705792,105,"PennController",69,0,"instruction_check","NULL","PennController",5,"_Trial_","Start",1550705419045,"NULL"
1550705792,105,"PennController",69,0,"instruction_check","NULL","Selector","instruction_verification","Selection","choice3",1550705427979,"NULL"
1550705792,105,"PennController",69,0,"instruction_check","NULL","PennController",5,"_Trial_","End",1550705428764,"NULL"
1550708374,106,"PennController",69,0,"instruction_check","NULL","PennController",5,"_Trial_","Start",1550706468787,"NULL"
1550708374,106,"PennController",69,0,"instruction_check","NULL","Selector","instruction_verification","Selection","choice4",1550706474042,"NULL"
1550708374,106,"PennController",69,0,"instruction_check","NULL","PennController",5,"_Trial_","End",1550706476590,"NULL"
1550706862,107,"PennController",69,0,"instruction_check","NULL","PennController",5,"_Trial_","Start",1550706420720,"NULL"
1550706862,107,"PennController",69,0,"instruction_check","NULL","Selector","instruction_verification","Selection","choice3",1550706481308,"NULL"
1550706862,107,"PennController",69,0,"instruction_check","NULL","PennController",5,"_Trial_","End",1550706482959,"NULL"
1550707559,108,"PennController",69,0,"instruction_check","NULL","PennController",5,"_Trial_","Start",1550705722622,"NULL"
1550707559,108,"PennController",69,0,"instruction_check","NULL","Selector","instruction_verification","Selection","choice3",1550705742452,"NULL"
1550707559,108,"PennController",69,0,"instruction_check","NULL","PennController",5,"_Trial_","End",1550705743334,"NULL"
1550708188,109,"PennController",69,0,"instruction_check","NULL","PennController",5,"_Trial_","Start",1550707545687,"NULL"
1550708188,109,"PennController",69,0,"instruction_check","NULL","Selector","instruction_verification","Selection","choice2",1550707573766,"NULL"
1550708188,109,"PennController",69,0,"instruction_check","NULL","PennController",5,"_Trial_","End",1550707575974,"NULL"
1550708185,110,"PennController",69,0,"instruction_check","NULL","PennController",5,"_Trial_","Start",1550705728547,"NULL"
1550708185,110,"PennController",69,0,"instruction_check","NULL","Selector","instruction_verification","Selection","choice3",1550705818361,"NULL"
1550708185,110,"PennController",69,0,"instruction_check","NULL","PennController",5,"_Trial_","End",1550705819658,"NULL"
1550705916,111,"PennController",69,0,"instruction_check","NULL","PennController",5,"_Trial_","Start",1550705620269,"NULL"
1550705916,111,"PennController",69,0,"instruction_check","NULL","Selector","instruction_verification","Selection","choice2",1550705626928,"NULL"
1550705916,111,"PennController",69,0,"instruction_check","NULL","PennController",5,"_Trial_","End",1550705634546,"NULL"
1550708840,112,"PennController",69,0,"instruction_check","NULL","PennController",5,"_Trial_","Start",1550708364232,"NULL"
1550708840,112,"PennController",69,0,"instruction_check","NULL","Selector","instruction_verification","Selection","choice2",1550708379346,"NULL"
1550708840,112,"PennController",69,0,"instruction_check","NULL","PennController",5,"_Trial_","End",1550708380569,"NULL"
1550709458,113,"PennController",69,0,"instruction_check","NULL","PennController",5,"_Trial_","Start",1550708786607,"NULL"
1550709458,113,"PennController",69,0,"instruction_check","NULL","Selector","instruction_verification","Selection","choice2",1550708816685,"NULL"
1550709458,113,"PennController",69,0,"instruction_check","NULL","PennController",5,"_Trial_","End",1550708818850,"NULL"
1550706544,114,"PennController",69,0,"instruction_check","NULL","PennController",5,"_Trial_","Start",1550705739560,"NULL"
1550706544,114,"PennController",69,0,"instruction_check","NULL","Selector","instruction_verification","Selection","choice2",1550705750762,"NULL"
1550706544,114,"PennController",69,0,"instruction_check","NULL","PennController",5,"_Trial_","End",1550705755532,"NULL"
1550706841,115,"PennController",69,0,"instruction_check","NULL","PennController",5,"_Trial_","Start",1550706444033,"NULL"
1550706841,115,"PennController",69,0,"instruction_check","NULL","Selector","instruction_verification","Selection","choice2",1550706452492,"NULL"
1550706841,115,"PennController",69,0,"instruction_check","NULL","PennController",5,"_Trial_","End",1550706453328,"NULL"
1550706701,116,"PennController",69,0,"instruction_check","NULL","PennController",5,"_Trial_","Start",1550705511741,"NULL"
1550706701,116,"PennController",69,0,"instruction_check","NULL","Selector","instruction_verification","Selection","choice2",1550705521757,"NULL"
1550706701,116,"PennController",69,0,"instruction_check","NULL","PennController",5,"_Trial_","End",1550705523018,"NULL"
1550706257,117,"PennController",69,0,"instruction_check","NULL","PennController",5,"_Trial_","Start",1550705671764,"NULL"
1550706257,117,"PennController",69,0,"instruction_check","NULL","Selector","instruction_verification","Selection","choice2",1550705706289,"NULL"
1550706257,117,"PennController",69,0,"instruction_check","NULL","PennController",5,"_Trial_","End",1550705708419,"NULL"
1550707272,118,"PennController",69,0,"instruction_check","NULL","PennController",5,"_Trial_","Start",1550706371007,"NULL"
1550707272,118,"PennController",69,0,"instruction_check","NULL","Selector","instruction_verification","Selection","choice2",1550706392284,"NULL"
1550707272,118,"PennController",69,0,"instruction_check","NULL","PennController",5,"_Trial_","End",1550706395240,"NULL"
1550707749,119,"PennController",69,0,"instruction_check","NULL","PennController",5,"_Trial_","Start",1550706910874,"NULL"
1550707749,119,"PennController",69,0,"instruction_check","NULL","Selector","instruction_verification","Selection","choice3",1550706915594,"NULL"
1550707749,119,"PennController",69,0,"instruction_check","NULL","PennController",5,"_Trial_","End",1550706916170,"NULL"
1550706356,120,"PennController",69,0,"instruction_check","NULL","PennController",5,"_Trial_","Start",1550705679444,"NULL"
1550706356,120,"PennController",69,0,"instruction_check","NULL","Selector","instruction_verification","Selection","choice2",1550705770650,"NULL"
1550706356,120,"PennController",69,0,"instruction_check","NULL","PennController",5,"_Trial_","End",1550705772419,"NULL"
1550708792,121,"PennController",69,0,"instruction_check","NULL","PennController",5,"_Trial_","Start",1550704858379,"NULL"
1550708792,121,"PennController",69,0,"instruction_check","NULL","Selector","instruction_verification","Selection","choice2",1550704873428,"NULL"
1550708792,121,"PennController",69,0,"instruction_check","NULL","PennController",5,"_Trial_","End",1550704874955,"NULL"
1550706525,122,"PennController",69,0,"instruction_check","NULL","PennController",5,"_Trial_","Start",1550705704435,"NULL"
1550706525,122,"PennController",69,0,"instruction_check","NULL","Selector","instruction_verification","Selection","choice3",1550705969862,"NULL"
1550706525,122,"PennController",69,0,"instruction_check","NULL","PennController",5,"_Trial_","End",1550705983410,"NULL"
1550707765,123,"PennController",69,0,"instruction_check","NULL","PennController",5,"_Trial_","Start",1550707090152,"NULL"
1550707765,123,"PennController",69,0,"instruction_check","NULL","Selector","instruction_verification","Selection","choice2",1550707138988,"NULL"
1550707765,123,"PennController",69,0,"instruction_check","NULL","PennController",5,"_Trial_","End",1550707140529,"NULL"
1550705907,124,"PennController",69,0,"instruction_check","NULL","PennController",5,"_Trial_","Start",1550705648617,"NULL"
1550705907,124,"PennController",69,0,"instruction_check","NULL","Selector","instruction_verification","Selection","choice1",1550705650036,"NULL"
1550705907,124,"PennController",69,0,"instruction_check","NULL","PennController",5,"_Trial_","End",1550705651908,"NULL"
1550705935,125,"PennController",69,0,"instruction_check","NULL","PennController",5,"_Trial_","Start",1550705553314,"NULL"
1550705935,125,"PennController",69,0,"instruction_check","NULL","Selector","instruction_verification","Selection","choice2",1550705559203,"NULL"
1550705935,125,"PennController",69,0,"instruction_check","NULL","PennController",5,"_Trial_","End",1550705570147,"NULL"
1550707092,126,"PennController",69,0,"instruction_check","NULL","PennController",5,"_Trial_","Start",1550705753807,"NULL"
1550707092,126,"PennController",69,0,"instruction_check","NULL","Selector","instruction_verification","Selection","choice2",1550705772538,"NULL"
1550707092,126,"PennController",69,0,"instruction_check","NULL","PennController",5,"_Trial_","End",1550705773652,"NULL"
1550706023,127,"PennController",69,0,"instruction_check","NULL","PennController",5,"_Trial_","Start",1550612005800,"NULL"
1550706023,127,"PennController",69,0,"instruction_check","NULL","Selector","instruction_verification","Selection","choice1",1550612066636,"NULL"
1550706023,127,"PennController",69,0,"instruction_check","NULL","PennController",5,"_Trial_","End",1550612067757,"NULL"
1550705906,128,"PennController",69,0,"instruction_check","NULL","PennController",5,"_Trial_","Start",1550705753182,"NULL"
1550705906,128,"PennController",69,0,"instruction_check","NULL","Selector","instruction_verification","Selection","choice2",1550705754830,"NULL"
1550705906,128,"PennController",69,0,"instruction_check","NULL","PennController",5,"_Trial_","End",1550705756075,"NULL"
1550706215,129,"PennController",69,0,"instruction_check","NULL","PennController",5,"_Trial_","Start",1550705508221,"NULL"
1550706215,129,"PennController",69,0,"instruction_check","NULL","Selector","instruction_verification","Selection","choice2",1550705546467,"NULL"
1550706215,129,"PennController",69,0,"instruction_check","NULL","PennController",5,"_Trial_","End",1550705548139,"NULL"
1550709930,130,"PennController",69,0,"instruction_check","NULL","PennController",5,"_Trial_","Start",1550707577827,"NULL"
1550709930,130,"PennController",69,0,"instruction_check","NULL","Selector","instruction_verification","Selection","choice2",1550707590232,"NULL"
1550709930,130,"PennController",69,0,"instruction_check","NULL","PennController",5,"_Trial_","End",1550707592514,"NULL"
1550706610,131,"PennController",69,0,"instruction_check","NULL","PennController",5,"_Trial_","Start",1550706358346,"NULL"
1550706610,131,"PennController",69,0,"instruction_check","NULL","Selector","instruction_verification","Selection","choice3",1550706367083,"NULL"
1550706610,131,"PennController",69,0,"instruction_check","NULL","PennController",5,"_Trial_","End",1550706378234,"NULL"
1550707359,132,"PennController",69,0,"instruction_check","NULL","PennController",5,"_Trial_","Start",1550706829066,"NULL"
1550707359,132,"PennController",69,0,"instruction_check","NULL","Selector","instruction_verification","Selection","choice1",1550706838152,"NULL"
1550707359,132,"PennController",69,0,"instruction_check","NULL","PennController",5,"_Trial_","End",1550706852204,"NULL"
1550706665,133,"PennController",69,0,"instruction_check","NULL","PennController",5,"_Trial_","Start",1550706150233,"NULL"
1550706665,133,"PennController",69,0,"instruction_check","NULL","Selector","instruction_verification","Selection","choice2",1550706161155,"NULL"
1550706665,133,"PennController",69,0,"instruction_check","NULL","PennController",5,"_Trial_","End",1550706162834,"NULL"
1550706224,134,"PennController",69,0,"instruction_check","NULL","PennController",5,"_Trial_","Start",1550705713562,"NULL"
1550706224,134,"PennController",69,0,"instruction_check","NULL","Selector","instruction_verification","Selection","choice2",1550705731986,"NULL"
1550706224,134,"PennController",69,0,"instruction_check","NULL","PennController",5,"_Trial_","End",1550705733269,"NULL"
1550705703,135,"PennController",69,0,"instruction_check","NULL","PennController",5,"_Trial_","Start",1550705511445,"NULL"
1550705703,135,"PennController",69,0,"instruction_check","NULL","Selector","instruction_verification","Selection","choice1",1550705513901,"NULL"
1550705703,135,"PennController",69,0,"instruction_check","NULL","PennController",5,"_Trial_","End",1550705515860,"NULL"
1550706958,136,"PennController",69,0,"instruction_check","NULL","PennController",5,"_Trial_","Start",1550706220318,"NULL"
1550706958,136,"PennController",69,0,"instruction_check","NULL","Selector","instruction_verification","Selection","choice2",1550706249294,"NULL"
1550706958,136,"PennController",69,0,"instruction_check","NULL","PennController",5,"_Trial_","End",1550706253385,"NULL"
1550706549,137,"PennController",69,0,"instruction_check","NULL","PennController",5,"_Trial_","Start",1550705932903,"NULL"
1550706549,137,"PennController",69,0,"instruction_check","NULL","Selector","instruction_verification","Selection","choice4",1550705966996,"NULL"
1550706549,137,"PennController",69,0,"instruction_check","NULL","PennController",5,"_Trial_","End",1550705995848,"NULL"
1550705841,138,"PennController",69,0,"instruction_check","NULL","PennController",5,"_Trial_","Start",1550705506964,"NULL"
1550705841,138,"PennController",69,0,"instruction_check","NULL","Selector","instruction_verification","Selection","choice2",1550705543227,"NULL"
1550705841,138,"PennController",69,0,"instruction_check","NULL","PennController",5,"_Trial_","End",1550705550748,"NULL"
1550708233,139,"PennController",69,0,"instruction_check","NULL","PennController",5,"_Trial_","Start",1550706226099,"NULL"
1550708233,139,"PennController",69,0,"instruction_check","NULL","Selector","instruction_verification","Selection","choice1",1550706260417,"NULL"
1550708233,139,"PennController",69,0,"instruction_check","NULL","PennController",5,"_Trial_","End",1550706262602,"NULL"
1550705977,140,"PennController",69,0,"instruction_check","NULL","PennController",5,"_Trial_","Start",1550705523461,"NULL"
1550705977,140,"PennController",69,0,"instruction_check","NULL","Selector","instruction_verification","Selection","choice2",1550705533123,"NULL"
1550705977,140,"PennController",69,0,"instruction_check","NULL","PennController",5,"_Trial_","End",1550705534398,"NULL"
1550706803,141,"PennController",69,0,"instruction_check","NULL","PennController",5,"_Trial_","Start",1550705996415,"NULL"
1550706803,141,"PennController",69,0,"instruction_check","NULL","Selector","instruction_verification","Selection","choice2",1550706034091,"NULL"
1550706803,141,"PennController",69,0,"instruction_check","NULL","PennController",5,"_Trial_","End",1550706035861,"NULL"
1550709546,142,"PennController",69,0,"instruction_check","NULL","PennController",5,"_Trial_","Start",1550709100057,"NULL"
1550709546,142,"PennController",69,0,"instruction_check","NULL","Selector","instruction_verification","Selection","choice2",1550709106573,"NULL"
1550709546,142,"PennController",69,0,"instruction_check","NULL","PennController",5,"_Trial_","End",1550709108035,"NULL"
1550707060,143,"PennController",69,0,"instruction_check","NULL","PennController",5,"_Trial_","Start",1550705562650,"NULL"
1550707060,143,"PennController",69,0,"instruction_check","NULL","Selector","instruction_verification","Selection","choice2",1550705593717,"NULL"
1550707060,143,"PennController",69,0,"instruction_check","NULL","PennController",5,"_Trial_","End",1550705595903,"NULL"
1550706165,144,"PennController",69,0,"instruction_check","NULL","PennController",5,"_Trial_","Start",1550705975793,"NULL"
1550706165,144,"PennController",69,0,"instruction_check","NULL","Selector","instruction_verification","Selection","choice4",1550705990295,"NULL"
1550706165,144,"PennController",69,0,"instruction_check","NULL","PennController",5,"_Trial_","End",1550705991849,"NULL"
1550707028,145,"PennController",69,0,"instruction_check","NULL","PennController",5,"_Trial_","Start",1550706483230,"NULL"
1550707028,145,"PennController",69,0,"instruction_check","NULL","Selector","instruction_verification","Selection","choice2",1550706492032,"NULL"
1550707028,145,"PennController",69,0,"instruction_check","NULL","PennController",5,"_Trial_","End",1550706497010,"NULL"
1550706298,146,"PennController",69,0,"instruction_check","NULL","PennController",5,"_Trial_","Start",1550706044234,"NULL"
1550706298,146,"PennController",69,0,"instruction_check","NULL","Selector","instruction_verification","Selection","choice1",1550706047646,"NULL"
1550706298,146,"PennController",69,0,"instruction_check","NULL","PennController",5,"_Trial_","End",1550706049425,"NULL"
1550706721,147,"PennController",69,0,"instruction_check","NULL","PennController",5,"_Trial_","Start",1550706074206,"NULL"
1550706721,147,"PennController",69,0,"instruction_check","NULL","Selector","instruction_verification","Selection","choice2",1550706082667,"NULL"
1550706721,147,"PennController",69,0,"instruction_check","NULL","PennController",5,"_Trial_","End",1550706083818,"NULL"
1550706338,148,"PennController",69,0,"instruction_check","NULL","PennController",5,"_Trial_","Start",1550706027796,"NULL"
1550706338,148,"PennController",69,0,"instruction_check","NULL","Selector","instruction_verification","Selection","choice4",1550706038850,"NULL"
1550706338,148,"PennController",69,0,"instruction_check","NULL","PennController",5,"_Trial_","End",1550706040015,"NULL"
1550706848,149,"PennController",69,0,"instruction_check","NULL","PennController",5,"_Trial_","Start",1550705874164,"NULL"
1550706848,149,"PennController",69,0,"instruction_check","NULL","Selector","instruction_verification","Selection","choice2",1550705903103,"NULL"
1550706848,149,"PennController",69,0,"instruction_check","NULL","PennController",5,"_Trial_","End",1550705904354,"NULL"
1550706450,150,"PennController",69,0,"instruction_check","NULL","PennController",5,"_Trial_","Start",1550705624925,"NULL"
1550706450,150,"PennController",69,0,"instruction_check","NULL","Selector","instruction_verification","Selection","choice2",1550705637508,"NULL"
1550706450,150,"PennController",69,0,"instruction_check","NULL","PennController",5,"_Trial_","End",1550705638761,"NULL"
1550706099,151,"PennController",69,0,"instruction_check","NULL","PennController",5,"_Trial_","Start",1550705482053,"NULL"
1550706099,151,"PennController",69,0,"instruction_check","NULL","Selector","instruction_verification","Selection","choice1",1550705505288,"NULL"
1550706099,151,"PennController",69,0,"instruction_check","NULL","PennController",5,"_Trial_","End",1550705506646,"NULL"
1550709668,152,"PennController",69,0,"instruction_check","NULL","PennController",5,"_Trial_","Start",1550708664905,"NULL"
1550709668,152,"PennController",69,0,"instruction_check","NULL","Selector","instruction_verification","Selection","choice2",1550708687394,"NULL"
1550709668,152,"PennController",69,0,"instruction_check","NULL","PennController",5,"_Trial_","End",1550708688769,"NULL"
1550706670,153,"PennController",69,0,"instruction_check","NULL","PennController",5,"_Trial_","Start",1550706005640,"NULL"
1550706670,153,"PennController",69,0,"instruction_check","NULL","Selector","instruction_verification","Selection","choice2",1550706106805,"NULL"
1550706670,153,"PennController",69,0,"instruction_check","NULL","PennController",5,"_Trial_","End",1550706107867,"NULL"
1550706514,154,"PennController",69,0,"instruction_check","NULL","PennController",5,"_Trial_","Start",1550705681811,"NULL"
1550706514,154,"PennController",69,0,"instruction_check","NULL","Selector","instruction_verification","Selection","choice2",1550705684637,"NULL"
1550706514,154,"PennController",69,0,"instruction_check","NULL","PennController",5,"_Trial_","End",1550705685632,"NULL"
1550705965,155,"PennController",69,0,"instruction_check","NULL","PennController",5,"_Trial_","Start",1550705510654,"NULL"
1550705965,155,"PennController",69,0,"instruction_check","NULL","Selector","instruction_verification","Selection","choice2",1550705557519,"NULL"
1550705965,155,"PennController",69,0,"instruction_check","NULL","PennController",5,"_Trial_","End",1550705558265,"NULL"
1550722068,156,"PennController",69,0,"instruction_check","NULL","PennController",5,"_Trial_","Start",1550720863681,"NULL"
1550722068,156,"PennController",69,0,"instruction_check","NULL","Selector","instruction_verification","Selection","choice2",1550720879097,"NULL"
1550722068,156,"PennController",69,0,"instruction_check","NULL","PennController",5,"_Trial_","End",1550720881878,"NULL"
1550707548,157,"PennController",69,0,"instruction_check","NULL","PennController",5,"_Trial_","Start",1550707194780,"NULL"
1550707548,157,"PennController",69,0,"instruction_check","NULL","Selector","instruction_verification","Selection","choice3",1550707248645,"NULL"
1550707548,157,"PennController",69,0,"instruction_check","NULL","PennController",5,"_Trial_","End",1550707250014,"NULL"
1550707040,158,"PennController",69,0,"instruction_check","NULL","PennController",5,"_Trial_","Start",1550706111332,"NULL"
1550707040,158,"PennController",69,0,"instruction_check","NULL","Selector","instruction_verification","Selection","choice2",1550706123230,"NULL"
1550707040,158,"PennController",69,0,"instruction_check","NULL","PennController",5,"_Trial_","End",1550706124454,"NULL"
1550709042,159,"PennController",69,0,"instruction_check","NULL","PennController",5,"_Trial_","Start",1550708166781,"NULL"
1550709042,159,"PennController",69,0,"instruction_check","NULL","Selector","instruction_verification","Selection","choice2",1550708216331,"NULL"
1550709042,159,"PennController",69,0,"instruction_check","NULL","PennController",5,"_Trial_","End",1550708219237,"NULL"
1550706679,160,"PennController",69,0,"instruction_check","NULL","PennController",5,"_Trial_","Start",1550705873335,"NULL"
1550706679,160,"PennController",69,0,"instruction_check","NULL","Selector","instruction_verification","Selection","choice2",1550705923135,"NULL"
1550706679,160,"PennController",69,0,"instruction_check","NULL","PennController",5,"_Trial_","End",1550705926325,"NULL"
1550708414,161,"PennController",69,0,"instruction_check","NULL","PennController",5,"_Trial_","Start",1550707037194,"NULL"
1550708414,161,"PennController",69,0,"instruction_check","NULL","Selector","instruction_verification","Selection","choice2",1550707051512,"NULL"
1550708414,161,"PennController",69,0,"instruction_check","NULL","PennController",5,"_Trial_","End",1550707052641,"NULL"
1550706359,162,"PennController",69,0,"instruction_check","NULL","PennController",5,"_Trial_","Start",1550705817242,"NULL"
1550706359,162,"PennController",69,0,"instruction_check","NULL","Selector","instruction_verification","Selection","choice2",1550705833126,"NULL"
1550706359,162,"PennController",69,0,"instruction_check","NULL","PennController",5,"_Trial_","End",1550705834472,"NULL"
1550706641,163,"PennController",69,0,"instruction_check","NULL","PennController",5,"_Trial_","Start",1550706071348,"NULL"
1550706641,163,"PennController",69,0,"instruction_check","NULL","Selector","instruction_verification","Selection","choice2",1550706076297,"NULL"
1550706641,163,"PennController",69,0,"instruction_check","NULL","PennController",5,"_Trial_","End",1550706077777,"NULL"
1550706127,164,"PennController",69,0,"instruction_check","NULL","PennController",5,"_Trial_","Start",1550705692714,"NULL"
1550706127,164,"PennController",69,0,"instruction_check","NULL","Selector","instruction_verification","Selection","choice4",1550705702214,"NULL"
1550706127,164,"PennController",69,0,"instruction_check","NULL","PennController",5,"_Trial_","End",1550705704876,"NULL"
1550707209,165,"PennController",69,0,"instruction_check","NULL","PennController",5,"_Trial_","Start",1550706382377,"NULL"
1550707209,165,"PennController",69,0,"instruction_check","NULL","Selector","instruction_verification","Selection","choice2",1550706395905,"NULL"
1550707209,165,"PennController",69,0,"instruction_check","NULL","PennController",5,"_Trial_","End",1550706399479,"NULL"
1550706716,166,"PennController",69,0,"instruction_check","NULL","PennController",5,"_Trial_","Start",1550705636920,"NULL"
1550706716,166,"PennController",69,0,"instruction_check","NULL","Selector","instruction_verification","Selection","choice2",1550705654379,"NULL"
1550706716,166,"PennController",69,0,"instruction_check","NULL","PennController",5,"_Trial_","End",1550705657300,"NULL"
1550706806,167,"PennController",69,0,"instruction_check","NULL","PennController",5,"_Trial_","Start",1550706010067,"NULL"
1550706806,167,"PennController",69,0,"instruction_check","NULL","Selector","instruction_verification","Selection","choice2",1550706033459,"NULL"
1550706806,167,"PennController",69,0,"instruction_check","NULL","PennController",5,"_Trial_","End",1550706037928,"NULL"
1550707112,168,"PennController",69,0,"instruction_check","NULL","PennController",5,"_Trial_","Start",1550706435685,"NULL"
1550707112,168,"PennController",69,0,"instruction_check","NULL","Selector","instruction_verification","Selection","choice2",1550706455544,"NULL"
1550707112,168,"PennController",69,0,"instruction_check","NULL","PennController",5,"_Trial_","End",1550706457455,"NULL"
1550707387,169,"PennController",69,0,"instruction_check","NULL","PennController",5,"_Trial_","Start",1550706387694,"NULL"
1550707387,169,"PennController",69,0,"instruction_check","NULL","Selector","instruction_verification","Selection","choice2",1550706410979,"NULL"
1550707387,169,"PennController",69,0,"instruction_check","NULL","PennController",5,"_Trial_","End",1550706412252,"NULL"
1550708016,170,"PennController",69,0,"instruction_check","NULL","PennController",5,"_Trial_","Start",1550705560084,"NULL"
1550708016,170,"PennController",69,0,"instruction_check","NULL","Selector","instruction_verification","Selection","choice2",1550705579434,"NULL"
1550708016,170,"PennController",69,0,"instruction_check","NULL","PennController",5,"_Trial_","End",1550705586474,"NULL"
1550708271,171,"PennController",69,0,"instruction_check","NULL","PennController",5,"_Trial_","Start",1550706114854,"NULL"
1550708271,171,"PennController",69,0,"instruction_check","NULL","Selector","instruction_verification","Selection","choice2",1550706127220,"NULL"
1550708271,171,"PennController",69,0,"instruction_check","NULL","PennController",5,"_Trial_","End",1550706129824,"NULL"
1550711682,172,"PennController",69,0,"instruction_check","NULL","PennController",5,"_Trial_","Start",1550711371599,"NULL"
1550711682,172,"PennController",69,0,"instruction_check","NULL","Selector","instruction_verification","Selection","choice2",1550711379495,"NULL"
1550711682,172,"PennController",69,0,"instruction_check","NULL","PennController",5,"_Trial_","End",1550711386080,"NULL"
1550706681,173,"PennController",69,0,"instruction_check","NULL","PennController",5,"_Trial_","Start",1550706355207,"NULL"
1550706681,173,"PennController",69,0,"instruction_check","NULL","Selector","instruction_verification","Selection","choice2",1550706361988,"NULL"
1550706681,173,"PennController",69,0,"instruction_check","NULL","PennController",5,"_Trial_","End",1550706363078,"NULL"
1550707707,174,"PennController",69,0,"instruction_check","NULL","PennController",5,"_Trial_","Start",1550706743586,"NULL"
1550707707,174,"PennController",69,0,"instruction_check","NULL","Selector","instruction_verification","Selection","choice2",1550706765956,"NULL"
1550707707,174,"PennController",69,0,"instruction_check","NULL","PennController",5,"_Trial_","End",1550706767144,"NULL"
1550709183,175,"PennController",69,0,"instruction_check","NULL","PennController",5,"_Trial_","Start",1550708915303,"NULL"
1550709183,175,"PennController",69,0,"instruction_check","NULL","Selector","instruction_verification","Selection","choice2",1550708926679,"NULL"
1550709183,175,"PennController",69,0,"instruction_check","NULL","PennController",5,"_Trial_","End",1550708928258,"NULL"
1550706598,176,"PennController",69,0,"instruction_check","NULL","PennController",5,"_Trial_","Start",1550705758965,"NULL"
1550706598,176,"PennController",69,0,"instruction_check","NULL","Selector","instruction_verification","Selection","choice2",1550705807627,"NULL"
1550706598,176,"PennController",69,0,"instruction_check","NULL","PennController",5,"_Trial_","End",1550705810628,"NULL"
1550710346,177,"PennController",69,0,"instruction_check","NULL","PennController",5,"_Trial_","Start",1550720466913,"NULL"
1550710346,177,"PennController",69,0,"instruction_check","NULL","Selector","instruction_verification","Selection","choice2",1550720487024,"NULL"
1550710346,177,"PennController",69,0,"instruction_check","NULL","PennController",5,"_Trial_","End",1550720489464,"NULL"
1550706322,178,"PennController",69,0,"instruction_check","NULL","PennController",5,"_Trial_","Start",1550705600589,"NULL"
1550706322,178,"PennController",69,0,"instruction_check","NULL","Selector","instruction_verification","Selection","choice2",1550705626734,"NULL"
1550706322,178,"PennController",69,0,"instruction_check","NULL","PennController",5,"_Trial_","End",1550705627817,"NULL"
1550706706,179,"PennController",69,0,"instruction_check","NULL","PennController",5,"_Trial_","Start",1550706581894,"NULL"
1550706706,179,"PennController",69,0,"instruction_check","NULL","Selector","instruction_verification","Selection","choice3",1550706582804,"NULL"
1550706706,179,"PennController",69,0,"instruction_check","NULL","PennController",5,"_Trial_","End",1550706585011,"NULL"
1550707070,180,"PennController",69,0,"instruction_check","NULL","PennController",5,"_Trial_","Start",1550706526795,"NULL"
1550707070,180,"PennController",69,0,"instruction_check","NULL","Selector","instruction_verification","Selection","choice1",1550706552080,"NULL"
1550707070,180,"PennController",69,0,"instruction_check","NULL","PennController",5,"_Trial_","End",1550706560008,"NULL"
1550706841,181,"PennController",69,0,"instruction_check","NULL","PennController",5,"_Trial_","Start",1550706281723,"NULL"
1550706841,181,"PennController",69,0,"instruction_check","NULL","Selector","instruction_verification","Selection","choice2",1550706326623,"NULL"
1550706841,181,"PennController",69,0,"instruction_check","NULL","PennController",5,"_Trial_","End",1550706328819,"NULL"
1550706113,182,"PennController",69,0,"instruction_check","NULL","PennController",5,"_Trial_","Start",1550705527296,"NULL"
1550706113,182,"PennController",69,0,"instruction_check","NULL","Selector","instruction_verification","Selection","choice1",1550705613195,"NULL"
1550706113,182,"PennController",69,0,"instruction_check","NULL","PennController",5,"_Trial_","End",1550705615163,"NULL"
